{"accuracy": 0.7858719646799117, "precision_pos": 0.9528455284552846, "recall_pos": 0.7802929427430093, "f1_score_pos": 0.8579795021961931, "precision_neg": 0.4329896907216495, "recall_neg": 0.8129032258064516, "f1_score_neg": 0.5650224215246638, "_timestamp": 1671628641.3537662, "_runtime": 14038.20420718193, "_step": 4}